{
    "metodologia": "Pipeline semi-manual de reformateo SAX",
    "apex": [
        65.0,
        110.0,
        30.0
    ],
    "base": [
        30.0,
        90.0,
        40.0
    ],
    "lateral": [
        70.0,
        130.0,
        25.0
    ],
    "eje_largo": [
        -0.8427009716003845,
        -0.48154341234307685,
        0.24077170617153842
    ],
    "vector_u": [
        -0.16103393644569494,
        -0.20129242055711866,
        -0.9662036186741695
    ],
    "vector_v": [
        0.5137345070915249,
        -0.8529931438500791,
        0.092084487120179
    ],
    "sigma_gaussiano": 1.0,
    "nslices": 25,
    "slice_size": 80
}